date,product_id,units_sold,is_promotion,day_of_week,is_holiday
2026-04-07,PRD-001,24,0,1,0
2026-04-08,PRD-001,28,0,2,0
2026-04-09,PRD-001,15,0,3,0
2026-04-10,PRD-001,21,0,4,0
2026-04-11,PRD-001,32,0,5,0
2026-04-12,PRD-001,31,0,6,0
2026-04-13,PRD-001,31,1,0,0
2026-04-14,PRD-001,21,0,1,0
2026-04-15,PRD-001,32,1,2,0
2026-04-16,PRD-001,20,0,3,0
2026-04-17,PRD-001,27,0,4,0
2026-04-18,PRD-001,32,0,5,0
2026-04-19,PRD-001,24,0,6,0
2026-04-20,PRD-001,35,1,0,0
2026-04-21,PRD-001,26,0,1,0
2026-04-22,PRD-001,19,0,2,0
2026-04-23,PRD-001,22,0,3,0
2026-04-24,PRD-001,18,0,4,0
2026-04-25,PRD-001,27,0,5,0
2026-04-26,PRD-001,31,0,6,0
2026-04-27,PRD-001,31,1,0,0
2026-04-28,PRD-001,28,0,1,0
2026-04-29,PRD-001,20,0,2,0
2026-04-30,PRD-001,28,0,3,0
2026-05-01,PRD-001,24,0,4,0
2026-05-02,PRD-001,39,0,5,0
2026-05-03,PRD-001,27,0,6,0
2026-05-04,PRD-001,26,0,0,0
2026-05-05,PRD-001,23,0,1,0
2026-05-06,PRD-001,22,0,2,0
2026-05-07,PRD-001,27,0,3,0
2026-05-08,PRD-001,26,0,4,0
2026-05-09,PRD-001,36,0,5,0
2026-05-10,PRD-001,34,0,6,0
2026-05-11,PRD-001,23,0,0,0
2026-05-12,PRD-001,21,0,1,0
2026-05-13,PRD-001,17,0,2,0
2026-05-14,PRD-001,26,0,3,0
2026-05-15,PRD-001,20,0,4,0
2026-05-16,PRD-001,37,0,5,0
2026-05-17,PRD-001,43,1,6,0
2026-05-18,PRD-001,25,0,0,0
2026-05-19,PRD-001,24,0,1,0
2026-05-20,PRD-001,28,0,2,0
2026-05-21,PRD-001,25,0,3,0
2026-05-22,PRD-001,20,0,4,0
2026-05-23,PRD-001,34,0,5,0
2026-05-24,PRD-001,36,0,6,0
2026-05-25,PRD-001,18,0,0,0
2026-05-26,PRD-001,28,0,1,0
2026-05-27,PRD-001,23,0,2,0
2026-05-28,PRD-001,19,0,3,0
2026-05-29,PRD-001,23,0,4,0
2026-05-30,PRD-001,31,0,5,0
2026-05-31,PRD-001,29,0,6,0
2026-06-01,PRD-001,20,0,0,0
2026-06-02,PRD-001,32,0,1,0
2026-06-03,PRD-001,24,0,2,0
2026-06-04,PRD-001,23,0,3,0
2026-06-05,PRD-001,22,0,4,0
2026-06-06,PRD-001,34,0,5,0
2026-06-07,PRD-001,34,0,6,0
2026-06-08,PRD-001,22,0,0,0
2026-06-09,PRD-001,27,0,1,0
2026-06-10,PRD-001,24,0,2,0
2026-06-11,PRD-001,35,1,3,0
2026-06-12,PRD-001,31,0,4,0
2026-06-13,PRD-001,39,0,5,0
2026-06-14,PRD-001,43,0,6,0
2026-06-15,PRD-001,30,0,0,0
2026-06-16,PRD-001,28,0,1,0
2026-06-17,PRD-001,23,0,2,0
2026-06-18,PRD-001,30,0,3,0
2026-06-19,PRD-001,23,0,4,0
2026-06-20,PRD-001,43,0,5,0
2026-06-21,PRD-001,35,0,6,0
2026-06-22,PRD-001,28,0,0,0
2026-06-23,PRD-001,21,0,1,0
2026-06-24,PRD-001,27,0,2,0
2026-06-25,PRD-001,15,0,3,0
2026-06-26,PRD-001,22,0,4,0
2026-06-27,PRD-001,38,0,5,0
2026-06-28,PRD-001,33,0,6,0
2026-06-29,PRD-001,23,0,0,0
2026-06-30,PRD-001,26,0,1,0
2026-07-01,PRD-001,27,0,2,0
2026-07-02,PRD-001,29,0,3,0
2026-07-03,PRD-001,21,0,4,0
2026-07-04,PRD-001,18,0,5,1
2026-07-05,PRD-001,35,0,6,0
2026-07-06,PRD-001,28,0,0,0
2026-07-07,PRD-001,30,0,1,0
2026-07-08,PRD-001,22,0,2,0
2026-07-09,PRD-001,21,0,3,0
2026-07-10,PRD-001,26,0,4,0
2026-07-11,PRD-001,35,0,5,0
2026-07-12,PRD-001,40,0,6,0
2026-07-13,PRD-001,30,0,0,0
2026-07-14,PRD-001,35,0,1,0
2026-07-15,PRD-001,27,0,2,0
2026-07-16,PRD-001,26,0,3,0
2026-07-17,PRD-001,28,0,4,0
2026-07-18,PRD-001,42,0,5,0
2026-07-19,PRD-001,31,0,6,0
2026-07-20,PRD-001,26,0,0,0
2026-07-21,PRD-001,20,0,1,0
2026-07-22,PRD-001,19,0,2,0
2026-07-23,PRD-001,25,0,3,0
2026-07-24,PRD-001,26,0,4,0
2026-07-25,PRD-001,38,0,5,0
2026-07-26,PRD-001,33,0,6,0
2026-07-27,PRD-001,24,0,0,0
2026-07-28,PRD-001,21,0,1,0
2026-07-29,PRD-001,20,0,2,0
2026-07-30,PRD-001,22,0,3,0
2026-07-31,PRD-001,32,0,4,0
2026-08-01,PRD-001,41,0,5,0
2026-08-02,PRD-001,35,0,6,0
2026-08-03,PRD-001,19,0,0,0
2026-08-04,PRD-001,29,0,1,0
2026-08-05,PRD-001,24,0,2,0
2026-08-06,PRD-001,37,1,3,0
2026-08-07,PRD-001,25,0,4,0
2026-08-08,PRD-001,37,0,5,0
2026-08-09,PRD-001,44,1,6,0
2026-08-10,PRD-001,35,0,0,0
2026-08-11,PRD-001,27,0,1,0
2026-08-12,PRD-001,27,0,2,0
2026-08-13,PRD-001,38,1,3,0
2026-08-14,PRD-001,19,0,4,0
2026-08-15,PRD-001,43,0,5,0
2026-08-16,PRD-001,37,0,6,0
2026-08-17,PRD-001,24,0,0,0
2026-08-18,PRD-001,29,0,1,0
2026-08-19,PRD-001,22,0,2,0
2026-08-20,PRD-001,19,0,3,0
2026-08-21,PRD-001,34,0,4,0
2026-08-22,PRD-001,49,1,5,0
2026-08-23,PRD-001,32,0,6,0
2026-08-24,PRD-001,26,0,0,0
2026-08-25,PRD-001,28,0,1,0
2026-08-26,PRD-001,30,0,2,0
2026-08-27,PRD-001,34,0,3,0
2026-08-28,PRD-001,35,1,4,0
2026-08-29,PRD-001,36,0,5,0
2026-08-30,PRD-001,38,0,6,0
2026-08-31,PRD-001,25,0,0,0
2026-09-01,PRD-001,32,0,1,0
2026-09-02,PRD-001,26,0,2,0
2026-09-03,PRD-001,39,1,3,0
2026-09-04,PRD-001,40,0,4,0
2026-09-05,PRD-001,39,0,5,0
2026-09-06,PRD-001,40,0,6,0
2026-09-07,PRD-001,32,0,0,0
2026-09-08,PRD-001,24,0,1,0
2026-09-09,PRD-001,29,0,2,0
2026-09-10,PRD-001,32,0,3,0
2026-09-11,PRD-001,30,0,4,0
2026-09-12,PRD-001,36,0,5,0
2026-09-13,PRD-001,36,0,6,0
2026-09-14,PRD-001,32,1,0,0
2026-09-15,PRD-001,33,0,1,0
2026-09-16,PRD-001,24,0,2,0
2026-09-17,PRD-001,33,0,3,0
2026-09-18,PRD-001,24,0,4,0
2026-09-19,PRD-001,45,0,5,0
2026-09-20,PRD-001,55,1,6,0
2026-09-21,PRD-001,28,0,0,0
2026-09-22,PRD-001,36,0,1,0
2026-09-23,PRD-001,35,0,2,0
2026-09-24,PRD-001,30,0,3,0
2026-09-25,PRD-001,22,0,4,0
2026-09-26,PRD-001,43,0,5,0
2026-09-27,PRD-001,36,0,6,0
2026-09-28,PRD-001,31,0,0,0
2026-09-29,PRD-001,20,0,1,0
2026-09-30,PRD-001,26,0,2,0
2026-10-01,PRD-001,38,1,3,0
2026-10-02,PRD-001,27,0,4,0
2026-10-03,PRD-001,44,0,5,0
2026-04-07,PRD-002,31,0,1,0
2026-04-08,PRD-002,48,0,2,0
2026-04-09,PRD-002,42,0,3,0
2026-04-10,PRD-002,41,0,4,0
2026-04-11,PRD-002,43,0,5,0
2026-04-12,PRD-002,54,1,6,0
2026-04-13,PRD-002,42,0,0,0
2026-04-14,PRD-002,36,0,1,0
2026-04-15,PRD-002,39,0,2,0
2026-04-16,PRD-002,33,0,3,0
2026-04-17,PRD-002,38,0,4,0
2026-04-18,PRD-002,57,1,5,0
2026-04-19,PRD-002,41,0,6,0
2026-04-20,PRD-002,38,0,0,0
2026-04-21,PRD-002,29,0,1,0
2026-04-22,PRD-002,29,0,2,0
2026-04-23,PRD-002,33,0,3,0
2026-04-24,PRD-002,36,0,4,0
2026-04-25,PRD-002,49,0,5,0
2026-04-26,PRD-002,44,0,6,0
2026-04-27,PRD-002,37,0,0,0
2026-04-28,PRD-002,49,1,1,0
2026-04-29,PRD-002,39,0,2,0
2026-04-30,PRD-002,33,0,3,0
2026-05-01,PRD-002,37,0,4,0
2026-05-02,PRD-002,47,0,5,0
2026-05-03,PRD-002,46,0,6,0
2026-05-04,PRD-002,51,1,0,0
2026-05-05,PRD-002,38,0,1,0
2026-05-06,PRD-002,40,0,2,0
2026-05-07,PRD-002,50,0,3,0
2026-05-08,PRD-002,34,0,4,0
2026-05-09,PRD-002,57,0,5,0
2026-05-10,PRD-002,41,0,6,0
2026-05-11,PRD-002,26,0,0,0
2026-05-12,PRD-002,35,0,1,0
2026-05-13,PRD-002,53,1,2,0
2026-05-14,PRD-002,48,0,3,0
2026-05-15,PRD-002,33,0,4,0
2026-05-16,PRD-002,49,0,5,0
2026-05-17,PRD-002,39,0,6,0
2026-05-18,PRD-002,48,0,0,0
2026-05-19,PRD-002,45,0,1,0
2026-05-20,PRD-002,36,0,2,0
2026-05-21,PRD-002,29,0,3,0
2026-05-22,PRD-002,46,0,4,0
2026-05-23,PRD-002,46,0,5,0
2026-05-24,PRD-002,53,0,6,0
2026-05-25,PRD-002,39,0,0,0
2026-05-26,PRD-002,39,0,1,0
2026-05-27,PRD-002,36,0,2,0
2026-05-28,PRD-002,42,0,3,0
2026-05-29,PRD-002,40,0,4,0
2026-05-30,PRD-002,50,0,5,0
2026-05-31,PRD-002,38,0,6,0
2026-06-01,PRD-002,46,0,0,0
2026-06-02,PRD-002,48,0,1,0
2026-06-03,PRD-002,40,0,2,0
2026-06-04,PRD-002,51,0,3,0
2026-06-05,PRD-002,49,0,4,0
2026-06-06,PRD-002,51,0,5,0
2026-06-07,PRD-002,55,0,6,0
2026-06-08,PRD-002,45,0,0,0
2026-06-09,PRD-002,30,0,1,0
2026-06-10,PRD-002,38,0,2,0
2026-06-11,PRD-002,44,0,3,0
2026-06-12,PRD-002,49,0,4,0
2026-06-13,PRD-002,40,0,5,0
2026-06-14,PRD-002,38,0,6,0
2026-06-15,PRD-002,40,0,0,0
2026-06-16,PRD-002,29,0,1,0
2026-06-17,PRD-002,39,0,2,0
2026-06-18,PRD-002,42,0,3,0
2026-06-19,PRD-002,35,0,4,0
2026-06-20,PRD-002,48,0,5,0
2026-06-21,PRD-002,53,0,6,0
2026-06-22,PRD-002,37,0,0,0
2026-06-23,PRD-002,36,0,1,0
2026-06-24,PRD-002,40,0,2,0
2026-06-25,PRD-002,35,0,3,0
2026-06-26,PRD-002,51,0,4,0
2026-06-27,PRD-002,66,1,5,0
2026-06-28,PRD-002,45,0,6,0
2026-06-29,PRD-002,42,0,0,0
2026-06-30,PRD-002,40,0,1,0
2026-07-01,PRD-002,40,0,2,0
2026-07-02,PRD-002,38,0,3,0
2026-07-03,PRD-002,38,0,4,0
2026-07-04,PRD-002,11,0,5,1
2026-07-05,PRD-002,57,0,6,0
2026-07-06,PRD-002,44,0,0,0
2026-07-07,PRD-002,43,0,1,0
2026-07-08,PRD-002,40,0,2,0
2026-07-09,PRD-002,36,0,3,0
2026-07-10,PRD-002,37,0,4,0
2026-07-11,PRD-002,59,1,5,0
2026-07-12,PRD-002,46,0,6,0
2026-07-13,PRD-002,35,0,0,0
2026-07-14,PRD-002,51,0,1,0
2026-07-15,PRD-002,46,0,2,0
2026-07-16,PRD-002,42,0,3,0
2026-07-17,PRD-002,37,0,4,0
2026-07-18,PRD-002,44,0,5,0
2026-07-19,PRD-002,49,0,6,0
2026-07-20,PRD-002,47,0,0,0
2026-07-21,PRD-002,52,0,1,0
2026-07-22,PRD-002,34,0,2,0
2026-07-23,PRD-002,45,0,3,0
2026-07-24,PRD-002,38,0,4,0
2026-07-25,PRD-002,48,0,5,0
2026-07-26,PRD-002,51,0,6,0
2026-07-27,PRD-002,38,0,0,0
2026-07-28,PRD-002,41,0,1,0
2026-07-29,PRD-002,37,0,2,0
2026-07-30,PRD-002,39,0,3,0
2026-07-31,PRD-002,47,0,4,0
2026-08-01,PRD-002,52,0,5,0
2026-08-02,PRD-002,55,0,6,0
2026-08-03,PRD-002,39,0,0,0
2026-08-04,PRD-002,46,0,1,0
2026-08-05,PRD-002,34,0,2,0
2026-08-06,PRD-002,43,0,3,0
2026-08-07,PRD-002,46,0,4,0
2026-08-08,PRD-002,42,0,5,0
2026-08-09,PRD-002,48,0,6,0
2026-08-10,PRD-002,43,0,0,0
2026-08-11,PRD-002,49,0,1,0
2026-08-12,PRD-002,40,0,2,0
2026-08-13,PRD-002,46,0,3,0
2026-08-14,PRD-002,51,0,4,0
2026-08-15,PRD-002,55,0,5,0
2026-08-16,PRD-002,51,0,6,0
2026-08-17,PRD-002,45,0,0,0
2026-08-18,PRD-002,40,0,1,0
2026-08-19,PRD-002,44,0,2,0
2026-08-20,PRD-002,43,0,3,0
2026-08-21,PRD-002,45,0,4,0
2026-08-22,PRD-002,50,0,5,0
2026-08-23,PRD-002,55,0,6,0
2026-08-24,PRD-002,41,0,0,0
2026-08-25,PRD-002,49,0,1,0
2026-08-26,PRD-002,42,0,2,0
2026-08-27,PRD-002,33,0,3,0
2026-08-28,PRD-002,38,0,4,0
2026-08-29,PRD-002,53,0,5,0
2026-08-30,PRD-002,62,0,6,0
2026-08-31,PRD-002,49,0,0,0
2026-09-01,PRD-002,32,0,1,0
2026-09-02,PRD-002,36,0,2,0
2026-09-03,PRD-002,51,0,3,0
2026-09-04,PRD-002,48,0,4,0
2026-09-05,PRD-002,66,0,5,0
2026-09-06,PRD-002,51,0,6,0
2026-09-07,PRD-002,40,0,0,0
2026-09-08,PRD-002,45,0,1,0
2026-09-09,PRD-002,42,0,2,0
2026-09-10,PRD-002,50,0,3,0
2026-09-11,PRD-002,42,0,4,0
2026-09-12,PRD-002,52,0,5,0
2026-09-13,PRD-002,48,0,6,0
2026-09-14,PRD-002,49,0,0,0
2026-09-15,PRD-002,40,0,1,0
2026-09-16,PRD-002,47,0,2,0
2026-09-17,PRD-002,55,0,3,0
2026-09-18,PRD-002,35,0,4,0
2026-09-19,PRD-002,62,0,5,0
2026-09-20,PRD-002,56,0,6,0
2026-09-21,PRD-002,39,0,0,0
2026-09-22,PRD-002,46,0,1,0
2026-09-23,PRD-002,49,0,2,0
2026-09-24,PRD-002,41,0,3,0
2026-09-25,PRD-002,48,0,4,0
2026-09-26,PRD-002,63,0,5,0
2026-09-27,PRD-002,52,0,6,0
2026-09-28,PRD-002,40,0,0,0
2026-09-29,PRD-002,45,0,1,0
2026-09-30,PRD-002,46,0,2,0
2026-10-01,PRD-002,52,0,3,0
2026-10-02,PRD-002,45,0,4,0
2026-10-03,PRD-002,53,0,5,0
2026-04-07,PRD-003,33,0,1,0
2026-04-08,PRD-003,26,0,2,0
2026-04-09,PRD-003,32,0,3,0
2026-04-10,PRD-003,27,0,4,0
2026-04-11,PRD-003,65,1,5,0
2026-04-12,PRD-003,51,0,6,0
2026-04-13,PRD-003,23,0,0,0
2026-04-14,PRD-003,33,0,1,0
2026-04-15,PRD-003,30,0,2,0
2026-04-16,PRD-003,27,0,3,0
2026-04-17,PRD-003,28,0,4,0
2026-04-18,PRD-003,56,0,5,0
2026-04-19,PRD-003,44,0,6,0
2026-04-20,PRD-003,18,0,0,0
2026-04-21,PRD-003,25,0,1,0
2026-04-22,PRD-003,15,0,2,0
2026-04-23,PRD-003,29,0,3,0
2026-04-24,PRD-003,35,0,4,0
2026-04-25,PRD-003,65,0,5,0
2026-04-26,PRD-003,62,0,6,0
2026-04-27,PRD-003,26,0,0,0
2026-04-28,PRD-003,29,0,1,0
2026-04-29,PRD-003,33,1,2,0
2026-04-30,PRD-003,33,0,3,0
2026-05-01,PRD-003,35,0,4,0
2026-05-02,PRD-003,37,0,5,0
2026-05-03,PRD-003,66,0,6,0
2026-05-04,PRD-003,29,0,0,0
2026-05-05,PRD-003,29,0,1,0
2026-05-06,PRD-003,34,0,2,0
2026-05-07,PRD-003,28,0,3,0
2026-05-08,PRD-003,29,0,4,0
2026-05-09,PRD-003,41,0,5,0
2026-05-10,PRD-003,46,0,6,0
2026-05-11,PRD-003,33,0,0,0
2026-05-12,PRD-003,31,0,1,0
2026-05-13,PRD-003,37,0,2,0
2026-05-14,PRD-003,34,0,3,0
2026-05-15,PRD-003,35,0,4,0
2026-05-16,PRD-003,48,0,5,0
2026-05-17,PRD-003,67,1,6,0
2026-05-18,PRD-003,35,0,0,0
2026-05-19,PRD-003,27,0,1,0
2026-05-20,PRD-003,32,0,2,0
2026-05-21,PRD-003,30,0,3,0
2026-05-22,PRD-003,23,0,4,0
2026-05-23,PRD-003,52,0,5,0
2026-05-24,PRD-003,44,0,6,0
2026-05-25,PRD-003,24,0,0,0
2026-05-26,PRD-003,39,0,1,0
2026-05-27,PRD-003,23,0,2,0
2026-05-28,PRD-003,28,0,3,0
2026-05-29,PRD-003,35,0,4,0
2026-05-30,PRD-003,56,0,5,0
2026-05-31,PRD-003,48,0,6,0
2026-06-01,PRD-003,29,0,0,0
2026-06-02,PRD-003,26,0,1,0
2026-06-03,PRD-003,31,0,2,0
2026-06-04,PRD-003,35,0,3,0
2026-06-05,PRD-003,24,0,4,0
2026-06-06,PRD-003,70,0,5,0
2026-06-07,PRD-003,52,0,6,0
2026-06-08,PRD-003,27,0,0,0
2026-06-09,PRD-003,38,0,1,0
2026-06-10,PRD-003,28,0,2,0
2026-06-11,PRD-003,37,0,3,0
2026-06-12,PRD-003,33,0,4,0
2026-06-13,PRD-003,54,0,5,0
2026-06-14,PRD-003,53,0,6,0
2026-06-15,PRD-003,23,0,0,0
2026-06-16,PRD-003,32,0,1,0
2026-06-17,PRD-003,28,0,2,0
2026-06-18,PRD-003,32,0,3,0
2026-06-19,PRD-003,24,0,4,0
2026-06-20,PRD-003,48,0,5,0
2026-06-21,PRD-003,44,0,6,0
2026-06-22,PRD-003,25,0,0,0
2026-06-23,PRD-003,40,1,1,0
2026-06-24,PRD-003,39,1,2,0
2026-06-25,PRD-003,26,0,3,0
2026-06-26,PRD-003,34,0,4,0
2026-06-27,PRD-003,61,0,5,0
2026-06-28,PRD-003,62,0,6,0
2026-06-29,PRD-003,35,0,0,0
2026-06-30,PRD-003,39,0,1,0
2026-07-01,PRD-003,47,1,2,0
2026-07-02,PRD-003,31,0,3,0
2026-07-03,PRD-003,27,0,4,0
2026-07-04,PRD-003,10,0,5,1
2026-07-05,PRD-003,54,0,6,0
2026-07-06,PRD-003,30,0,0,0
2026-07-07,PRD-003,30,0,1,0
2026-07-08,PRD-003,39,0,2,0
2026-07-09,PRD-003,15,0,3,0
2026-07-10,PRD-003,36,0,4,0
2026-07-11,PRD-003,44,0,5,0
2026-07-12,PRD-003,41,0,6,0
2026-07-13,PRD-003,39,0,0,0
2026-07-14,PRD-003,32,0,1,0
2026-07-15,PRD-003,39,0,2,0
2026-07-16,PRD-003,15,0,3,0
2026-07-17,PRD-003,36,0,4,0
2026-07-18,PRD-003,58,0,5,0
2026-07-19,PRD-003,76,1,6,0
2026-07-20,PRD-003,35,0,0,0
2026-07-21,PRD-003,41,1,1,0
2026-07-22,PRD-003,42,1,2,0
2026-07-23,PRD-003,28,0,3,0
2026-07-24,PRD-003,27,0,4,0
2026-07-25,PRD-003,56,0,5,0
2026-07-26,PRD-003,46,0,6,0
2026-07-27,PRD-003,30,0,0,0
2026-07-28,PRD-003,22,0,1,0
2026-07-29,PRD-003,36,0,2,0
2026-07-30,PRD-003,41,1,3,0
2026-07-31,PRD-003,27,0,4,0
2026-08-01,PRD-003,53,0,5,0
2026-08-02,PRD-003,62,0,6,0
2026-08-03,PRD-003,33,0,0,0
2026-08-04,PRD-003,38,0,1,0
2026-08-05,PRD-003,31,0,2,0
2026-08-06,PRD-003,32,0,3,0
2026-08-07,PRD-003,36,0,4,0
2026-08-08,PRD-003,55,0,5,0
2026-08-09,PRD-003,76,1,6,0
2026-08-10,PRD-003,32,0,0,0
2026-08-11,PRD-003,35,0,1,0
2026-08-12,PRD-003,39,0,2,0
2026-08-13,PRD-003,36,0,3,0
2026-08-14,PRD-003,47,0,4,0
2026-08-15,PRD-003,59,0,5,0
2026-08-16,PRD-003,58,0,6,0
2026-08-17,PRD-003,41,0,0,0
2026-08-18,PRD-003,48,1,1,0
2026-08-19,PRD-003,32,0,2,0
2026-08-20,PRD-003,39,0,3,0
2026-08-21,PRD-003,29,0,4,0
2026-08-22,PRD-003,59,0,5,0
2026-08-23,PRD-003,83,1,6,0
2026-08-24,PRD-003,32,0,0,0
2026-08-25,PRD-003,31,0,1,0
2026-08-26,PRD-003,34,0,2,0
2026-08-27,PRD-003,33,0,3,0
2026-08-28,PRD-003,39,0,4,0
2026-08-29,PRD-003,63,0,5,0
2026-08-30,PRD-003,72,0,6,0
2026-08-31,PRD-003,40,0,0,0
2026-09-01,PRD-003,34,0,1,0
2026-09-02,PRD-003,30,0,2,0
2026-09-03,PRD-003,28,0,3,0
2026-09-04,PRD-003,35,0,4,0
2026-09-05,PRD-003,56,0,5,0
2026-09-06,PRD-003,60,0,6,0
2026-09-07,PRD-003,37,0,0,0
2026-09-08,PRD-003,42,1,1,0
2026-09-09,PRD-003,37,0,2,0
2026-09-10,PRD-003,55,1,3,0
2026-09-11,PRD-003,36,0,4,0
2026-09-12,PRD-003,59,0,5,0
2026-09-13,PRD-003,57,0,6,0
2026-09-14,PRD-003,32,0,0,0
2026-09-15,PRD-003,35,0,1,0
2026-09-16,PRD-003,53,1,2,0
2026-09-17,PRD-003,32,0,3,0
2026-09-18,PRD-003,38,0,4,0
2026-09-19,PRD-003,65,0,5,0
2026-09-20,PRD-003,66,0,6,0
2026-09-21,PRD-003,40,0,0,0
2026-09-22,PRD-003,58,1,1,0
2026-09-23,PRD-003,30,0,2,0
2026-09-24,PRD-003,41,0,3,0
2026-09-25,PRD-003,31,0,4,0
2026-09-26,PRD-003,82,1,5,0
2026-09-27,PRD-003,54,0,6,0
2026-09-28,PRD-003,35,0,0,0
2026-09-29,PRD-003,41,0,1,0
2026-09-30,PRD-003,37,0,2,0
2026-10-01,PRD-003,38,0,3,0
2026-10-02,PRD-003,23,0,4,0
2026-10-03,PRD-003,59,0,5,0
2026-04-07,PRD-004,0,0,1,0
2026-04-08,PRD-004,0,0,2,0
2026-04-09,PRD-004,0,0,3,0
2026-04-10,PRD-004,0,0,4,0
2026-04-11,PRD-004,5,0,5,0
2026-04-12,PRD-004,3,0,6,0
2026-04-13,PRD-004,0,0,0,0
2026-04-14,PRD-004,0,0,1,0
2026-04-15,PRD-004,0,1,2,0
2026-04-16,PRD-004,2,0,3,0
2026-04-17,PRD-004,0,1,4,0
2026-04-18,PRD-004,4,0,5,0
2026-04-19,PRD-004,0,0,6,0
2026-04-20,PRD-004,4,0,0,0
2026-04-21,PRD-004,0,1,1,0
2026-04-22,PRD-004,0,0,2,0
2026-04-23,PRD-004,0,0,3,0
2026-04-24,PRD-004,0,1,4,0
2026-04-25,PRD-004,0,0,5,0
2026-04-26,PRD-004,2,0,6,0
2026-04-27,PRD-004,2,0,0,0
2026-04-28,PRD-004,5,0,1,0
2026-04-29,PRD-004,0,0,2,0
2026-04-30,PRD-004,0,0,3,0
2026-05-01,PRD-004,0,0,4,0
2026-05-02,PRD-004,0,0,5,0
2026-05-03,PRD-004,0,1,6,0
2026-05-04,PRD-004,3,0,0,0
2026-05-05,PRD-004,7,0,1,0
2026-05-06,PRD-004,0,0,2,0
2026-05-07,PRD-004,0,1,3,0
2026-05-08,PRD-004,6,0,4,0
2026-05-09,PRD-004,0,0,5,0
2026-05-10,PRD-004,7,0,6,0
2026-05-11,PRD-004,4,0,0,0
2026-05-12,PRD-004,4,0,1,0
2026-05-13,PRD-004,0,0,2,0
2026-05-14,PRD-004,0,0,3,0
2026-05-15,PRD-004,0,0,4,0
2026-05-16,PRD-004,0,0,5,0
2026-05-17,PRD-004,0,0,6,0
2026-05-18,PRD-004,0,0,0,0
2026-05-19,PRD-004,0,0,1,0
2026-05-20,PRD-004,0,0,2,0
2026-05-21,PRD-004,0,0,3,0
2026-05-22,PRD-004,4,0,4,0
2026-05-23,PRD-004,0,0,5,0
2026-05-24,PRD-004,6,0,6,0
2026-05-25,PRD-004,0,0,0,0
2026-05-26,PRD-004,1,0,1,0
2026-05-27,PRD-004,2,0,2,0
2026-05-28,PRD-004,1,0,3,0
2026-05-29,PRD-004,5,0,4,0
2026-05-30,PRD-004,0,1,5,0
2026-05-31,PRD-004,0,0,6,0
2026-06-01,PRD-004,4,0,0,0
2026-06-02,PRD-004,6,0,1,0
2026-06-03,PRD-004,5,0,2,0
2026-06-04,PRD-004,3,0,3,0
2026-06-05,PRD-004,0,0,4,0
2026-06-06,PRD-004,7,0,5,0
2026-06-07,PRD-004,0,0,6,0
2026-06-08,PRD-004,0,1,0,0
2026-06-09,PRD-004,0,0,1,0
2026-06-10,PRD-004,0,0,2,0
2026-06-11,PRD-004,0,0,3,0
2026-06-12,PRD-004,0,0,4,0
2026-06-13,PRD-004,7,1,5,0
2026-06-14,PRD-004,0,0,6,0
2026-06-15,PRD-004,0,0,0,0
2026-06-16,PRD-004,4,0,1,0
2026-06-17,PRD-004,0,0,2,0
2026-06-18,PRD-004,2,0,3,0
2026-06-19,PRD-004,0,0,4,0
2026-06-20,PRD-004,0,0,5,0
2026-06-21,PRD-004,0,0,6,0
2026-06-22,PRD-004,5,0,0,0
2026-06-23,PRD-004,0,0,1,0
2026-06-24,PRD-004,0,0,2,0
2026-06-25,PRD-004,2,0,3,0
2026-06-26,PRD-004,0,0,4,0
2026-06-27,PRD-004,0,0,5,0
2026-06-28,PRD-004,8,1,6,0
2026-06-29,PRD-004,0,0,0,0
2026-06-30,PRD-004,4,0,1,0
2026-07-01,PRD-004,0,0,2,0
2026-07-02,PRD-004,0,0,3,0
2026-07-03,PRD-004,2,0,4,0
2026-07-04,PRD-004,4,0,5,1
2026-07-05,PRD-004,0,0,6,0
2026-07-06,PRD-004,0,0,0,0
2026-07-07,PRD-004,3,0,1,0
2026-07-08,PRD-004,0,0,2,0
2026-07-09,PRD-004,0,0,3,0
2026-07-10,PRD-004,2,0,4,0
2026-07-11,PRD-004,0,0,5,0
2026-07-12,PRD-004,0,0,6,0
2026-07-13,PRD-004,0,0,0,0
2026-07-14,PRD-004,6,0,1,0
2026-07-15,PRD-004,2,0,2,0
2026-07-16,PRD-004,0,0,3,0
2026-07-17,PRD-004,0,0,4,0
2026-07-18,PRD-004,0,0,5,0
2026-07-19,PRD-004,5,0,6,0
2026-07-20,PRD-004,5,0,0,0
2026-07-21,PRD-004,0,0,1,0
2026-07-22,PRD-004,2,0,2,0
2026-07-23,PRD-004,0,0,3,0
2026-07-24,PRD-004,4,0,4,0
2026-07-25,PRD-004,5,0,5,0
2026-07-26,PRD-004,0,0,6,0
2026-07-27,PRD-004,3,0,0,0
2026-07-28,PRD-004,0,0,1,0
2026-07-29,PRD-004,0,0,2,0
2026-07-30,PRD-004,7,0,3,0
2026-07-31,PRD-004,0,0,4,0
2026-08-01,PRD-004,0,0,5,0
2026-08-02,PRD-004,0,1,6,0
2026-08-03,PRD-004,5,0,0,0
2026-08-04,PRD-004,3,0,1,0
2026-08-05,PRD-004,3,1,2,0
2026-08-06,PRD-004,2,0,3,0
2026-08-07,PRD-004,0,0,4,0
2026-08-08,PRD-004,0,0,5,0
2026-08-09,PRD-004,6,0,6,0
2026-08-10,PRD-004,0,0,0,0
2026-08-11,PRD-004,0,0,1,0
2026-08-12,PRD-004,2,0,2,0
2026-08-13,PRD-004,0,0,3,0
2026-08-14,PRD-004,0,1,4,0
2026-08-15,PRD-004,0,0,5,0
2026-08-16,PRD-004,0,0,6,0
2026-08-17,PRD-004,0,1,0,0
2026-08-18,PRD-004,4,0,1,0
2026-08-19,PRD-004,0,0,2,0
2026-08-20,PRD-004,0,0,3,0
2026-08-21,PRD-004,7,0,4,0
2026-08-22,PRD-004,3,0,5,0
2026-08-23,PRD-004,0,0,6,0
2026-08-24,PRD-004,4,0,0,0
2026-08-25,PRD-004,2,0,1,0
2026-08-26,PRD-004,1,0,2,0
2026-08-27,PRD-004,6,1,3,0
2026-08-28,PRD-004,0,0,4,0
2026-08-29,PRD-004,1,0,5,0
2026-08-30,PRD-004,4,0,6,0
2026-08-31,PRD-004,3,0,0,0
2026-09-01,PRD-004,7,0,1,0
2026-09-02,PRD-004,3,0,2,0
2026-09-03,PRD-004,2,0,3,0
2026-09-04,PRD-004,7,0,4,0
2026-09-05,PRD-004,6,0,5,0
2026-09-06,PRD-004,0,0,6,0
2026-09-07,PRD-004,6,0,0,0
2026-09-08,PRD-004,0,0,1,0
2026-09-09,PRD-004,4,0,2,0
2026-09-10,PRD-004,4,0,3,0
2026-09-11,PRD-004,4,0,4,0
2026-09-12,PRD-004,4,1,5,0
2026-09-13,PRD-004,0,0,6,0
2026-09-14,PRD-004,7,0,0,0
2026-09-15,PRD-004,0,0,1,0
2026-09-16,PRD-004,0,0,2,0
2026-09-17,PRD-004,0,0,3,0
2026-09-18,PRD-004,0,0,4,0
2026-09-19,PRD-004,0,0,5,0
2026-09-20,PRD-004,0,0,6,0
2026-09-21,PRD-004,5,0,0,0
2026-09-22,PRD-004,0,1,1,0
2026-09-23,PRD-004,4,0,2,0
2026-09-24,PRD-004,0,0,3,0
2026-09-25,PRD-004,0,0,4,0
2026-09-26,PRD-004,5,0,5,0
2026-09-27,PRD-004,4,0,6,0
2026-09-28,PRD-004,0,0,0,0
2026-09-29,PRD-004,5,1,1,0
2026-09-30,PRD-004,4,0,2,0
2026-10-01,PRD-004,5,0,3,0
2026-10-02,PRD-004,3,0,4,0
2026-10-03,PRD-004,0,0,5,0
2026-04-07,PRD-005,11,0,1,0
2026-04-08,PRD-005,12,0,2,0
2026-04-09,PRD-005,9,0,3,0
2026-04-10,PRD-005,9,0,4,0
2026-04-11,PRD-005,19,1,5,0
2026-04-12,PRD-005,18,0,6,0
2026-04-13,PRD-005,10,0,0,0
2026-04-14,PRD-005,11,0,1,0
2026-04-15,PRD-005,8,0,2,0
2026-04-16,PRD-005,11,0,3,0
2026-04-17,PRD-005,12,0,4,0
2026-04-18,PRD-005,14,0,5,0
2026-04-19,PRD-005,10,0,6,0
2026-04-20,PRD-005,13,0,0,0
2026-04-21,PRD-005,9,0,1,0
2026-04-22,PRD-005,16,0,2,0
2026-04-23,PRD-005,12,0,3,0
2026-04-24,PRD-005,11,0,4,0
2026-04-25,PRD-005,17,0,5,0
2026-04-26,PRD-005,13,0,6,0
2026-04-27,PRD-005,13,0,0,0
2026-04-28,PRD-005,10,0,1,0
2026-04-29,PRD-005,8,0,2,0
2026-04-30,PRD-005,13,0,3,0
2026-05-01,PRD-005,16,0,4,0
2026-05-02,PRD-005,12,0,5,0
2026-05-03,PRD-005,11,0,6,0
2026-05-04,PRD-005,9,0,0,0
2026-05-05,PRD-005,5,0,1,0
2026-05-06,PRD-005,11,0,2,0
2026-05-07,PRD-005,14,0,3,0
2026-05-08,PRD-005,18,1,4,0
2026-05-09,PRD-005,10,0,5,0
2026-05-10,PRD-005,14,0,6,0
2026-05-11,PRD-005,16,0,0,0
2026-05-12,PRD-005,13,0,1,0
2026-05-13,PRD-005,11,0,2,0
2026-05-14,PRD-005,9,0,3,0
2026-05-15,PRD-005,10,0,4,0
2026-05-16,PRD-005,16,0,5,0
2026-05-17,PRD-005,12,0,6,0
2026-05-18,PRD-005,9,0,0,0
2026-05-19,PRD-005,11,0,1,0
2026-05-20,PRD-005,9,0,2,0
2026-05-21,PRD-005,15,0,3,0
2026-05-22,PRD-005,7,0,4,0
2026-05-23,PRD-005,4,0,5,0
2026-05-24,PRD-005,16,0,6,0
2026-05-25,PRD-005,7,0,0,0
2026-05-26,PRD-005,16,0,1,0
2026-05-27,PRD-005,19,0,2,0
2026-05-28,PRD-005,16,1,3,0
2026-05-29,PRD-005,14,0,4,0
2026-05-30,PRD-005,15,0,5,0
2026-05-31,PRD-005,14,0,6,0
2026-06-01,PRD-005,10,0,0,0
2026-06-02,PRD-005,9,0,1,0
2026-06-03,PRD-005,12,0,2,0
2026-06-04,PRD-005,9,0,3,0
2026-06-05,PRD-005,13,0,4,0
2026-06-06,PRD-005,11,0,5,0
2026-06-07,PRD-005,9,0,6,0
2026-06-08,PRD-005,13,0,0,0
2026-06-09,PRD-005,11,0,1,0
2026-06-10,PRD-005,8,0,2,0
2026-06-11,PRD-005,15,0,3,0
2026-06-12,PRD-005,12,0,4,0
2026-06-13,PRD-005,16,0,5,0
2026-06-14,PRD-005,14,0,6,0
2026-06-15,PRD-005,11,0,0,0
2026-06-16,PRD-005,10,0,1,0
2026-06-17,PRD-005,14,0,2,0
2026-06-18,PRD-005,17,0,3,0
2026-06-19,PRD-005,14,0,4,0
2026-06-20,PRD-005,12,0,5,0
2026-06-21,PRD-005,14,0,6,0
2026-06-22,PRD-005,14,1,0,0
2026-06-23,PRD-005,14,0,1,0
2026-06-24,PRD-005,15,0,2,0
2026-06-25,PRD-005,11,0,3,0
2026-06-26,PRD-005,17,0,4,0
2026-06-27,PRD-005,12,0,5,0
2026-06-28,PRD-005,14,0,6,0
2026-06-29,PRD-005,14,0,0,0
2026-06-30,PRD-005,15,1,1,0
2026-07-01,PRD-005,9,0,2,0
2026-07-02,PRD-005,9,0,3,0
2026-07-03,PRD-005,11,0,4,0
2026-07-04,PRD-005,4,0,5,1
2026-07-05,PRD-005,13,0,6,0
2026-07-06,PRD-005,18,1,0,0
2026-07-07,PRD-005,15,0,1,0
2026-07-08,PRD-005,15,0,2,0
2026-07-09,PRD-005,19,0,3,0
2026-07-10,PRD-005,10,0,4,0
2026-07-11,PRD-005,20,0,5,0
2026-07-12,PRD-005,13,0,6,0
2026-07-13,PRD-005,16,1,0,0
2026-07-14,PRD-005,15,0,1,0
2026-07-15,PRD-005,15,1,2,0
2026-07-16,PRD-005,14,0,3,0
2026-07-17,PRD-005,21,1,4,0
2026-07-18,PRD-005,13,0,5,0
2026-07-19,PRD-005,16,0,6,0
2026-07-20,PRD-005,14,0,0,0
2026-07-21,PRD-005,19,0,1,0
2026-07-22,PRD-005,8,0,2,0
2026-07-23,PRD-005,11,0,3,0
2026-07-24,PRD-005,9,0,4,0
2026-07-25,PRD-005,16,0,5,0
2026-07-26,PRD-005,14,0,6,0
2026-07-27,PRD-005,22,1,0,0
2026-07-28,PRD-005,9,0,1,0
2026-07-29,PRD-005,12,0,2,0
2026-07-30,PRD-005,17,0,3,0
2026-07-31,PRD-005,12,0,4,0
2026-08-01,PRD-005,13,0,5,0
2026-08-02,PRD-005,13,0,6,0
2026-08-03,PRD-005,10,0,0,0
2026-08-04,PRD-005,10,0,1,0
2026-08-05,PRD-005,11,0,2,0
2026-08-06,PRD-005,8,0,3,0
2026-08-07,PRD-005,18,1,4,0
2026-08-08,PRD-005,13,0,5,0
2026-08-09,PRD-005,7,0,6,0
2026-08-10,PRD-005,8,0,0,0
2026-08-11,PRD-005,5,0,1,0
2026-08-12,PRD-005,9,0,2,0
2026-08-13,PRD-005,16,0,3,0
2026-08-14,PRD-005,18,1,4,0
2026-08-15,PRD-005,13,0,5,0
2026-08-16,PRD-005,17,0,6,0
2026-08-17,PRD-005,12,0,0,0
2026-08-18,PRD-005,14,1,1,0
2026-08-19,PRD-005,11,0,2,0
2026-08-20,PRD-005,16,0,3,0
2026-08-21,PRD-005,14,0,4,0
2026-08-22,PRD-005,22,1,5,0
2026-08-23,PRD-005,14,0,6,0
2026-08-24,PRD-005,11,0,0,0
2026-08-25,PRD-005,18,0,1,0
2026-08-26,PRD-005,11,0,2,0
2026-08-27,PRD-005,16,0,3,0
2026-08-28,PRD-005,10,0,4,0
2026-08-29,PRD-005,17,0,5,0
2026-08-30,PRD-005,21,1,6,0
2026-08-31,PRD-005,16,0,0,0
2026-09-01,PRD-005,10,0,1,0
2026-09-02,PRD-005,14,0,2,0
2026-09-03,PRD-005,11,0,3,0
2026-09-04,PRD-005,8,0,4,0
2026-09-05,PRD-005,12,0,5,0
2026-09-06,PRD-005,19,0,6,0
2026-09-07,PRD-005,17,0,0,0
2026-09-08,PRD-005,10,0,1,0
2026-09-09,PRD-005,13,0,2,0
2026-09-10,PRD-005,15,0,3,0
2026-09-11,PRD-005,10,0,4,0
2026-09-12,PRD-005,16,0,5,0
2026-09-13,PRD-005,18,0,6,0
2026-09-14,PRD-005,13,0,0,0
2026-09-15,PRD-005,11,0,1,0
2026-09-16,PRD-005,13,0,2,0
2026-09-17,PRD-005,9,0,3,0
2026-09-18,PRD-005,21,1,4,0
2026-09-19,PRD-005,14,0,5,0
2026-09-20,PRD-005,24,1,6,0
2026-09-21,PRD-005,14,0,0,0
2026-09-22,PRD-005,11,0,1,0
2026-09-23,PRD-005,7,0,2,0
2026-09-24,PRD-005,13,0,3,0
2026-09-25,PRD-005,13,0,4,0
2026-09-26,PRD-005,16,0,5,0
2026-09-27,PRD-005,17,1,6,0
2026-09-28,PRD-005,13,0,0,0
2026-09-29,PRD-005,15,0,1,0
2026-09-30,PRD-005,15,0,2,0
2026-10-01,PRD-005,18,0,3,0
2026-10-02,PRD-005,17,0,4,0
2026-10-03,PRD-005,16,0,5,0
2026-04-07,PRD-006,16,0,1,0
2026-04-08,PRD-006,17,1,2,0
2026-04-09,PRD-006,16,0,3,0
2026-04-10,PRD-006,24,1,4,0
2026-04-11,PRD-006,30,1,5,0
2026-04-12,PRD-006,34,1,6,0
2026-04-13,PRD-006,8,0,0,0
2026-04-14,PRD-006,15,0,1,0
2026-04-15,PRD-006,16,0,2,0
2026-04-16,PRD-006,17,0,3,0
2026-04-17,PRD-006,10,0,4,0
2026-04-18,PRD-006,20,0,5,0
2026-04-19,PRD-006,27,0,6,0
2026-04-20,PRD-006,11,0,0,0
2026-04-21,PRD-006,16,0,1,0
2026-04-22,PRD-006,22,0,2,0
2026-04-23,PRD-006,11,0,3,0
2026-04-24,PRD-006,13,0,4,0
2026-04-25,PRD-006,31,0,5,0
2026-04-26,PRD-006,18,0,6,0
2026-04-27,PRD-006,16,0,0,0
2026-04-28,PRD-006,27,0,1,0
2026-04-29,PRD-006,18,0,2,0
2026-04-30,PRD-006,21,0,3,0
2026-05-01,PRD-006,15,0,4,0
2026-05-02,PRD-006,31,1,5,0
2026-05-03,PRD-006,20,0,6,0
2026-05-04,PRD-006,18,0,0,0
2026-05-05,PRD-006,18,0,1,0
2026-05-06,PRD-006,25,0,2,0
2026-05-07,PRD-006,15,0,3,0
2026-05-08,PRD-006,18,0,4,0
2026-05-09,PRD-006,27,0,5,0
2026-05-10,PRD-006,22,0,6,0
2026-05-11,PRD-006,18,0,0,0
2026-05-12,PRD-006,22,0,1,0
2026-05-13,PRD-006,20,0,2,0
2026-05-14,PRD-006,14,0,3,0
2026-05-15,PRD-006,29,0,4,0
2026-05-16,PRD-006,26,0,5,0
2026-05-17,PRD-006,33,0,6,0
2026-05-18,PRD-006,16,0,0,0
2026-05-19,PRD-006,23,0,1,0
2026-05-20,PRD-006,16,0,2,0
2026-05-21,PRD-006,23,1,3,0
2026-05-22,PRD-006,22,0,4,0
2026-05-23,PRD-006,37,0,5,0
2026-05-24,PRD-006,27,0,6,0
2026-05-25,PRD-006,16,0,0,0
2026-05-26,PRD-006,14,0,1,0
2026-05-27,PRD-006,13,0,2,0
2026-05-28,PRD-006,14,0,3,0
2026-05-29,PRD-006,21,1,4,0
2026-05-30,PRD-006,42,1,5,0
2026-05-31,PRD-006,30,0,6,0
2026-06-01,PRD-006,21,0,0,0
2026-06-02,PRD-006,21,0,1,0
2026-06-03,PRD-006,23,0,2,0
2026-06-04,PRD-006,14,0,3,0
2026-06-05,PRD-006,19,0,4,0
2026-06-06,PRD-006,31,1,5,0
2026-06-07,PRD-006,31,1,6,0
2026-06-08,PRD-006,18,0,0,0
2026-06-09,PRD-006,17,0,1,0
2026-06-10,PRD-006,24,1,2,0
2026-06-11,PRD-006,21,0,3,0
2026-06-12,PRD-006,31,1,4,0
2026-06-13,PRD-006,29,0,5,0
2026-06-14,PRD-006,38,1,6,0
2026-06-15,PRD-006,15,0,0,0
2026-06-16,PRD-006,22,0,1,0
2026-06-17,PRD-006,15,0,2,0
2026-06-18,PRD-006,17,0,3,0
2026-06-19,PRD-006,21,0,4,0
2026-06-20,PRD-006,29,0,5,0
2026-06-21,PRD-006,29,0,6,0
2026-06-22,PRD-006,14,0,0,0
2026-06-23,PRD-006,20,0,1,0
2026-06-24,PRD-006,28,0,2,0
2026-06-25,PRD-006,12,0,3,0
2026-06-26,PRD-006,20,1,4,0
2026-06-27,PRD-006,33,0,5,0
2026-06-28,PRD-006,30,0,6,0
2026-06-29,PRD-006,24,0,0,0
2026-06-30,PRD-006,15,0,1,0
2026-07-01,PRD-006,22,0,2,0
2026-07-02,PRD-006,20,0,3,0
2026-07-03,PRD-006,21,1,4,0
2026-07-04,PRD-006,9,0,5,1
2026-07-05,PRD-006,30,0,6,0
2026-07-06,PRD-006,15,0,0,0
2026-07-07,PRD-006,24,0,1,0
2026-07-08,PRD-006,22,0,2,0
2026-07-09,PRD-006,16,0,3,0
2026-07-10,PRD-006,18,0,4,0
2026-07-11,PRD-006,34,0,5,0
2026-07-12,PRD-006,29,0,6,0
2026-07-13,PRD-006,28,0,0,0
2026-07-14,PRD-006,21,0,1,0
2026-07-15,PRD-006,15,0,2,0
2026-07-16,PRD-006,14,0,3,0
2026-07-17,PRD-006,24,0,4,0
2026-07-18,PRD-006,28,0,5,0
2026-07-19,PRD-006,31,0,6,0
2026-07-20,PRD-006,6,0,0,0
2026-07-21,PRD-006,19,0,1,0
2026-07-22,PRD-006,13,0,2,0
2026-07-23,PRD-006,19,1,3,0
2026-07-24,PRD-006,24,0,4,0
2026-07-25,PRD-006,29,0,5,0
2026-07-26,PRD-006,29,0,6,0
2026-07-27,PRD-006,28,0,0,0
2026-07-28,PRD-006,23,0,1,0
2026-07-29,PRD-006,26,0,2,0
2026-07-30,PRD-006,25,0,3,0
2026-07-31,PRD-006,23,0,4,0
2026-08-01,PRD-006,38,0,5,0
2026-08-02,PRD-006,27,0,6,0
2026-08-03,PRD-006,15,0,0,0
2026-08-04,PRD-006,20,1,1,0
2026-08-05,PRD-006,11,0,2,0
2026-08-06,PRD-006,20,0,3,0
2026-08-07,PRD-006,19,1,4,0
2026-08-08,PRD-006,37,1,5,0
2026-08-09,PRD-006,30,0,6,0
2026-08-10,PRD-006,7,0,0,0
2026-08-11,PRD-006,19,0,1,0
2026-08-12,PRD-006,19,0,2,0
2026-08-13,PRD-006,28,0,3,0
2026-08-14,PRD-006,20,0,4,0
2026-08-15,PRD-006,32,0,5,0
2026-08-16,PRD-006,38,0,6,0
2026-08-17,PRD-006,18,0,0,0
2026-08-18,PRD-006,20,0,1,0
2026-08-19,PRD-006,31,1,2,0
2026-08-20,PRD-006,16,0,3,0
2026-08-21,PRD-006,24,0,4,0
2026-08-22,PRD-006,25,0,5,0
2026-08-23,PRD-006,34,0,6,0
2026-08-24,PRD-006,23,0,0,0
2026-08-25,PRD-006,18,0,1,0
2026-08-26,PRD-006,19,0,2,0
2026-08-27,PRD-006,27,0,3,0
2026-08-28,PRD-006,19,0,4,0
2026-08-29,PRD-006,45,1,5,0
2026-08-30,PRD-006,43,1,6,0
2026-08-31,PRD-006,17,0,0,0
2026-09-01,PRD-006,17,0,1,0
2026-09-02,PRD-006,22,0,2,0
2026-09-03,PRD-006,26,0,3,0
2026-09-04,PRD-006,14,0,4,0
2026-09-05,PRD-006,39,0,5,0
2026-09-06,PRD-006,35,0,6,0
2026-09-07,PRD-006,19,0,0,0
2026-09-08,PRD-006,22,0,1,0
2026-09-09,PRD-006,30,1,2,0
2026-09-10,PRD-006,15,0,3,0
2026-09-11,PRD-006,19,0,4,0
2026-09-12,PRD-006,32,0,5,0
2026-09-13,PRD-006,25,0,6,0
2026-09-14,PRD-006,31,1,0,0
2026-09-15,PRD-006,17,0,1,0
2026-09-16,PRD-006,18,0,2,0
2026-09-17,PRD-006,20,0,3,0
2026-09-18,PRD-006,22,0,4,0
2026-09-19,PRD-006,34,0,5,0
2026-09-20,PRD-006,33,0,6,0
2026-09-21,PRD-006,22,0,0,0
2026-09-22,PRD-006,17,0,1,0
2026-09-23,PRD-006,21,0,2,0
2026-09-24,PRD-006,23,0,3,0
2026-09-25,PRD-006,18,0,4,0
2026-09-26,PRD-006,33,0,5,0
2026-09-27,PRD-006,35,0,6,0
2026-09-28,PRD-006,20,0,0,0
2026-09-29,PRD-006,15,0,1,0
2026-09-30,PRD-006,27,0,2,0
2026-10-01,PRD-006,26,0,3,0
2026-10-02,PRD-006,21,0,4,0
2026-10-03,PRD-006,52,1,5,0
2026-04-07,PRD-007,41,0,1,0
2026-04-08,PRD-007,44,1,2,0
2026-04-09,PRD-007,32,0,3,0
2026-04-10,PRD-007,22,0,4,0
2026-04-11,PRD-007,44,0,5,0
2026-04-12,PRD-007,37,0,6,0
2026-04-13,PRD-007,67,1,0,0
2026-04-14,PRD-007,22,0,1,0
2026-04-15,PRD-007,31,0,2,0
2026-04-16,PRD-007,27,0,3,0
2026-04-17,PRD-007,19,0,4,0
2026-04-18,PRD-007,59,0,5,0
2026-04-19,PRD-007,43,0,6,0
2026-04-20,PRD-007,37,0,0,0
2026-04-21,PRD-007,25,0,1,0
2026-04-22,PRD-007,37,0,2,0
2026-04-23,PRD-007,19,0,3,0
2026-04-24,PRD-007,44,0,4,0
2026-04-25,PRD-007,47,0,5,0
2026-04-26,PRD-007,41,0,6,0
2026-04-27,PRD-007,42,0,0,0
2026-04-28,PRD-007,29,0,1,0
2026-04-29,PRD-007,23,0,2,0
2026-04-30,PRD-007,34,0,3,0
2026-05-01,PRD-007,30,0,4,0
2026-05-02,PRD-007,50,0,5,0
2026-05-03,PRD-007,54,0,6,0
2026-05-04,PRD-007,30,0,0,0
2026-05-05,PRD-007,39,0,1,0
2026-05-06,PRD-007,38,0,2,0
2026-05-07,PRD-007,12,0,3,0
2026-05-08,PRD-007,53,1,4,0
2026-05-09,PRD-007,48,0,5,0
2026-05-10,PRD-007,54,0,6,0
2026-05-11,PRD-007,29,0,0,0
2026-05-12,PRD-007,34,0,1,0
2026-05-13,PRD-007,29,0,2,0
2026-05-14,PRD-007,41,1,3,0
2026-05-15,PRD-007,29,0,4,0
2026-05-16,PRD-007,43,0,5,0
2026-05-17,PRD-007,61,0,6,0
2026-05-18,PRD-007,30,0,0,0
2026-05-19,PRD-007,30,0,1,0
2026-05-20,PRD-007,39,0,2,0
2026-05-21,PRD-007,24,0,3,0
2026-05-22,PRD-007,30,0,4,0
2026-05-23,PRD-007,48,0,5,0
2026-05-24,PRD-007,43,0,6,0
2026-05-25,PRD-007,22,0,0,0
2026-05-26,PRD-007,35,0,1,0
2026-05-27,PRD-007,37,0,2,0
2026-05-28,PRD-007,33,0,3,0
2026-05-29,PRD-007,44,0,4,0
2026-05-30,PRD-007,53,0,5,0
2026-05-31,PRD-007,51,0,6,0
2026-06-01,PRD-007,37,0,0,0
2026-06-02,PRD-007,31,0,1,0
2026-06-03,PRD-007,53,1,2,0
2026-06-04,PRD-007,44,1,3,0
2026-06-05,PRD-007,31,0,4,0
2026-06-06,PRD-007,54,0,5,0
2026-06-07,PRD-007,49,0,6,0
2026-06-08,PRD-007,21,0,0,0
2026-06-09,PRD-007,38,0,1,0
2026-06-10,PRD-007,40,0,2,0
2026-06-11,PRD-007,45,1,3,0
2026-06-12,PRD-007,37,0,4,0
2026-06-13,PRD-007,50,0,5,0
2026-06-14,PRD-007,53,0,6,0
2026-06-15,PRD-007,29,0,0,0
2026-06-16,PRD-007,51,0,1,0
2026-06-17,PRD-007,48,0,2,0
2026-06-18,PRD-007,28,0,3,0
2026-06-19,PRD-007,35,0,4,0
2026-06-20,PRD-007,54,0,5,0
2026-06-21,PRD-007,54,0,6,0
2026-06-22,PRD-007,42,0,0,0
2026-06-23,PRD-007,31,0,1,0
2026-06-24,PRD-007,51,1,2,0
2026-06-25,PRD-007,34,0,3,0
2026-06-26,PRD-007,26,0,4,0
2026-06-27,PRD-007,58,0,5,0
2026-06-28,PRD-007,53,0,6,0
2026-06-29,PRD-007,34,0,0,0
2026-06-30,PRD-007,35,0,1,0
2026-07-01,PRD-007,41,0,2,0
2026-07-02,PRD-007,31,0,3,0
2026-07-03,PRD-007,27,0,4,0
2026-07-04,PRD-007,18,0,5,1
2026-07-05,PRD-007,55,0,6,0
2026-07-06,PRD-007,32,0,0,0
2026-07-07,PRD-007,38,0,1,0
2026-07-08,PRD-007,39,0,2,0
2026-07-09,PRD-007,35,0,3,0
2026-07-10,PRD-007,52,1,4,0
2026-07-11,PRD-007,54,0,5,0
2026-07-12,PRD-007,55,0,6,0
2026-07-13,PRD-007,39,0,0,0
2026-07-14,PRD-007,37,0,1,0
2026-07-15,PRD-007,39,1,2,0
2026-07-16,PRD-007,48,0,3,0
2026-07-17,PRD-007,37,0,4,0
2026-07-18,PRD-007,49,0,5,0
2026-07-19,PRD-007,58,0,6,0
2026-07-20,PRD-007,49,0,0,0
2026-07-21,PRD-007,32,0,1,0
2026-07-22,PRD-007,51,0,2,0
2026-07-23,PRD-007,42,0,3,0
2026-07-24,PRD-007,25,0,4,0
2026-07-25,PRD-007,70,0,5,0
2026-07-26,PRD-007,44,0,6,0
2026-07-27,PRD-007,51,1,0,0
2026-07-28,PRD-007,36,0,1,0
2026-07-29,PRD-007,30,0,2,0
2026-07-30,PRD-007,41,0,3,0
2026-07-31,PRD-007,46,0,4,0
2026-08-01,PRD-007,66,1,5,0
2026-08-02,PRD-007,67,0,6,0
2026-08-03,PRD-007,43,0,0,0
2026-08-04,PRD-007,48,0,1,0
2026-08-05,PRD-007,37,0,2,0
2026-08-06,PRD-007,52,0,3,0
2026-08-07,PRD-007,40,0,4,0
2026-08-08,PRD-007,58,0,5,0
2026-08-09,PRD-007,58,0,6,0
2026-08-10,PRD-007,27,0,0,0
2026-08-11,PRD-007,42,0,1,0
2026-08-12,PRD-007,30,0,2,0
2026-08-13,PRD-007,44,1,3,0
2026-08-14,PRD-007,25,0,4,0
2026-08-15,PRD-007,45,0,5,0
2026-08-16,PRD-007,66,0,6,0
2026-08-17,PRD-007,37,0,0,0
2026-08-18,PRD-007,21,0,1,0
2026-08-19,PRD-007,40,0,2,0
2026-08-20,PRD-007,21,0,3,0
2026-08-21,PRD-007,45,0,4,0
2026-08-22,PRD-007,52,0,5,0
2026-08-23,PRD-007,53,0,6,0
2026-08-24,PRD-007,46,0,0,0
2026-08-25,PRD-007,35,0,1,0
2026-08-26,PRD-007,48,0,2,0
2026-08-27,PRD-007,38,0,3,0
2026-08-28,PRD-007,47,0,4,0
2026-08-29,PRD-007,55,0,5,0
2026-08-30,PRD-007,68,0,6,0
2026-08-31,PRD-007,30,0,0,0
2026-09-01,PRD-007,42,0,1,0
2026-09-02,PRD-007,35,0,2,0
2026-09-03,PRD-007,39,0,3,0
2026-09-04,PRD-007,44,0,4,0
2026-09-05,PRD-007,57,0,5,0
2026-09-06,PRD-007,64,0,6,0
2026-09-07,PRD-007,46,0,0,0
2026-09-08,PRD-007,38,0,1,0
2026-09-09,PRD-007,45,0,2,0
2026-09-10,PRD-007,37,0,3,0
2026-09-11,PRD-007,40,0,4,0
2026-09-12,PRD-007,63,0,5,0
2026-09-13,PRD-007,55,0,6,0
2026-09-14,PRD-007,29,0,0,0
2026-09-15,PRD-007,34,0,1,0
2026-09-16,PRD-007,36,0,2,0
2026-09-17,PRD-007,47,0,3,0
2026-09-18,PRD-007,37,0,4,0
2026-09-19,PRD-007,65,0,5,0
2026-09-20,PRD-007,43,0,6,0
2026-09-21,PRD-007,32,0,0,0
2026-09-22,PRD-007,20,0,1,0
2026-09-23,PRD-007,37,0,2,0
2026-09-24,PRD-007,50,0,3,0
2026-09-25,PRD-007,41,0,4,0
2026-09-26,PRD-007,53,0,5,0
2026-09-27,PRD-007,47,0,6,0
2026-09-28,PRD-007,42,0,0,0
2026-09-29,PRD-007,34,0,1,0
2026-09-30,PRD-007,35,0,2,0
2026-10-01,PRD-007,33,0,3,0
2026-10-02,PRD-007,34,0,4,0
2026-10-03,PRD-007,52,0,5,0
